The Brauhaus,Precious Phantom,31.25
The Brauhaus,Basil Mocha,10.16
The Brauhaus,Lemon Thriller,23.66
The Brauhaus,Noxious Smooch,27.75
The Brauhaus,Honest Enigma,20.95
The Brauhaus,Honest Thriller,21.13
The Brauhaus,Flower Wine,17.3
The Brauhaus,Ancient Delight,8.61
The Brauhaus,Scented Crystal,34.76
The Brauhaus,Summer Cooler,37.76
The Brauhaus,Lemon Thriller,23.92
The Brauhaus,Light Ale Kiss,24.49
The Brauhaus,Basil Mocha,10.23
Capricorn Productions Inc,Southern Seven,36.93
Capricorn Productions Inc,Tropic Wonder,39.95
Capricorn Productions Inc,Cucumber Rumble,13.86
Capricorn Productions Inc,Cosmic Temper,12.61
Capricorn Productions Inc,Demon Rage,14.14
Capricorn Productions Inc,Savage Burst,34.49
Capricorn Productions Inc,Stale Joy,37.39
Capricorn Productions Inc,Wasabi Nectar,41.96
Capricorn Productions Inc,Potato Wink,30.5
Capricorn Productions Inc,Brandy Parody,10.61
Capricorn Productions Inc,Hot Lady,22.41
Capricorn Productions Inc,Milk Ball,24.56
Capricorn Productions Inc,Scented Crystal,34.99
Capricorn Productions Inc,Noble Volley,27.32
Capricorn Productions Inc,Milk Ball,24.72
Capricorn Productions Inc,Tropic Wonder,39.77
Capricorn Productions Inc,Southern Buzzer,35.96
Capricorn Productions Inc,Southern Puff,36.29
Wish's Club,Potato Wink,30.92
Wish's Club,Tomato Rage,38.78
Wish's Club,Hot Lady,22.47
Wish's Club,Southern Buzzer,35.76
Wish's Club,Potato Cider,30.01
Wish's Club,Southern Puff,36.41
Wish's Club,Winged Sizzle,42.8
Wish's Club,Scented Crystal,34.55
Wish's Club,Cognac Petal,12.18
Wish's Club,Wasabi Nectar,41.64
Wish's Club,Almond Lagoon,8.37
Wish's Club,Southern Buzzer,35.65
Wish's Club,Summer Cooler,37.57
Wish's Club,Honest Thriller,21.21
Wish's Club,Precious Phantom,31.13
Wish's Club,Nasty Snake,26.59
Wish's Club,Numb Talon,28.48
Wish's Club,Potato Cider,30.41
Wish's Club,Lemon Thriller,23.56
Wish's Club,Flower Wine,17.18
Wish's Club,Thyme Volley,38.03
Wish's Club,Nasty Snake,26.64
Wish's Club,Angelic Five,9.31
Wish's Club,Brew Storm,11.42
Sinner's,Banana Stinger,9.83
Sinner's,Almond Lagoon,8.01
Sinner's,Light Ale Kiss,24.4
Sinner's,Precious Phantom,31.01
Sinner's,Honest Thriller,21.08
Sinner's,Minty Drop,25.83
Sinner's,Fantasy Tea,16.92
Sinner's,Oaken Squeeze,28.86
Sinner's,Potato Cider,30.19
Sinner's,Honest Thriller,21.36
Sinner's,Fantasy Tea,16.52
Sinner's,Honest Enigma,20.52
Sinner's,Cherry Thunder,11.95
Comix Cafe,Precious Phantom,31.1
Comix Cafe,Potato Wink,30.57
Comix Cafe,Orange Moonshine,29.32
Comix Cafe,Lemon Silence,23.02
Comix Cafe,Evil Joy,16.12
Comix Cafe,Crazy Rum,13.48
Comix Cafe,Southern Puff,36.18
Comix Cafe,Savage Burst,34.42
Comix Cafe,Fantasy Tea,16.59
Comix Cafe,Cherry Thunder,11.56
Comix Cafe,Frozen Thrill,18.13
Comix Cafe,Brew Storm,11.41
Comix Cafe,Basil Mocha,10.33
Comix Cafe,Basil Mocha,10.29
Comix Cafe,Angelic Five,9.16
Comix Cafe,Mint Shot,25.28
Playhouse entertainment,Angelic Five,9.47
Playhouse entertainment,Demon Rage,14.13
Playhouse entertainment,Ancient Delight,8.65
Playhouse entertainment,Minty Drop,25.71
Playhouse entertainment,Savage Burst,34.11
Playhouse entertainment,Sake Rage,32.99
Playhouse entertainment,Savage Burst,34.44
Playhouse entertainment,Savage Burst,34.09
Playhouse entertainment,Dire Cappuchino,14.67
Playhouse entertainment,Potato Wink,30.7
Double D,Grapefruit Score,19.92
Double D,Mint Shot,25.31
Double D,Southern Puff,36.49
Double D,Crazy Rum,13.42
Double D,Salt 'n Pepper Fury,33.91
Double D,Tonic Tremor,39.46
Double D,Universal Night,40.85
Double D,Red Six,31.99
Double D,Noble Volley,27.23
Double D,Demon Rage,14.41
Double D,Savage Burst,34.2
Double D,Scented Crystal,34.65
Double D,Southern Seven,36.53
Double D,Wine Starlight,42.05
Double D,Glowing Dark Beer,18.58
Double D,Minty Drop,25.94
Double D,Light Ale Kiss,24
Double D,Salt 'n Pepper Fury,33.83
Uncle Mick's,Oaken Squeeze,28.97
Uncle Mick's,Crazy Rum,13.2
Uncle Mick's,Smooth Barrage,35.26
Uncle Mick's,Banana Stinger,9.66
Uncle Mick's,Hot Lady,22.14
Uncle Mick's,Southern Seven,36.5
Uncle Mick's,Eastern Dark Beer,15.42
Uncle Mick's,Brandy Parody,10.91
Uncle Mick's,Southern Buzzer,35.69
Uncle Mick's,Dire Cappuchino,14.85
Uncle Mick's,Cherry Thunder,11.8
Uncle Mick's,Warm Horn,41.18
Westside Tavern,Light Ale Kiss,24.09
Westside Tavern,Light Ale Kiss,24.04
Westside Tavern,Honey Killer,21.75
Westside Tavern,Grape Four,19.37
Westside Tavern,Light Ale Kiss,24.07
Westside Tavern,Orange Moonshine,29.34
Westside Tavern,Southern Puff,36.35
Westside Tavern,Basil Mocha,10.06
Westside Tavern,Smooth Barrage,35.45
Westside Tavern,Dire Cappuchino,14.88
Westside Tavern,Brew Storm,11.13
Westside Tavern,Winged Sizzle,42.85
Westside Tavern,Honey Killer,21.81
Westside Tavern,Southern Buzzer,35.99
Westside Tavern,Potato Cider,30.22
Village Vanguard,Salt 'n Pepper Fury,33.82
Village Vanguard,Glowing Dark Beer,18.64
Village Vanguard,Grapefruit Score,19.55
Village Vanguard,Numb Talon,28.13
Village Vanguard,Red Six,31.7
Village Vanguard,Noxious Smooch,27.62
Village Vanguard,Savage Burst,34.19
Village Vanguard,Lemon Silence,23.12
Village Vanguard,Brandy Parody,10.5
Village Vanguard,Cherry Thunder,11.68
Village Vanguard,Milk Ball,24.91
Village Vanguard,Oregano Freedom,29.76
Village Vanguard,Fantasy Tea,16.96
Village Vanguard,Twisting Whisper,40.34
Village Vanguard,Brew Storm,11.04
Village Vanguard,Fantasy Tea,16.51
Village Vanguard,Angelic Five,9.33
Village Vanguard,Evil Joy,16.3
Village Vanguard,Minty Drop,25.77
Village Vanguard,Salt 'n Pepper Buzzer,33.09
Village Vanguard,Rude Score,32.09
Village Vanguard,Warm Horn,41.05
Village Vanguard,Nasty Snake,26.65
Dead Dog Saloon,Nasty Snake,26.52
Dead Dog Saloon,Potato Wink,30.87
Dead Dog Saloon,Red Six,31.54
Dead Dog Saloon,Oregano Freedom,29.85
Dead Dog Saloon,Numb Talon,28.34
Dead Dog Saloon,Twisting Whisper,40.21
Dead Dog Saloon,Oaken Squeeze,28.94
Dead Dog Saloon,Smooth Barrage,35.05
Dead Dog Saloon,Winged Sizzle,42.55
Dead Dog Saloon,Almond Lagoon,8.43
Daddy's Money,Minty Drop,25.73
Daddy's Money,Twisting Whisper,40.32
Daddy's Money,Grapefruit Score,19.73
Daddy's Money,Oaken Squeeze,28.75
Daddy's Money,Noble Volley,27.02
Daddy's Money,Smooth Barrage,35.19
Daddy's Money,Wasabi Nectar,41.59
Daddy's Money,Flower Wine,17.32
Daddy's Money,Southern Puff,36.27
Daddy's Money,Dire Cappuchino,14.6
Daddy's Money,Flower Wine,17.36
Daddy's Money,Lemon Thriller,23.62
Daddy's Money,Eastern Dark Beer,15.34
Daddy's Money,Crazy Rum,13.4
Daddy's Money,Honey Killer,21.51
Daddy's Money,Oregano Freedom,29.62
Daddy's Money,Hot Lady,22.2
Daddy's Money,Twisting Whisper,40.12
Daddy's Money,Southern Seven,36.59
Daddy's Money,Numb Talon,28.32
Daddy's Money,Milk Ball,24.84
Daddy's Money,Brandy Parody,10.92
My Brother's Place,Potato Wink,30.6
My Brother's Place,Evil Joy,16.39
My Brother's Place,Wine Starlight,42.08
My Brother's Place,Dire Cappuchino,14.66
My Brother's Place,Demon Rage,14.33
My Brother's Place,Cucumber Rumble,13.7
My Brother's Place,Winged Sizzle,42.98
My Brother's Place,Grapefruit Score,19.89
My Brother's Place,Winged Sizzle,42.57
My Brother's Place,Honest Thriller,21.04
My Brother's Place,Flower Wine,17.17
My Brother's Place,Hot Lady,22.34
Net Soft Usa Inc.,Fantasy Tea,16.76
Net Soft Usa Inc.,Evil Joy,16.16
Net Soft Usa Inc.,Salt 'n Pepper Fury,33.71
Net Soft Usa Inc.,Tonic Tremor,39.18
Net Soft Usa Inc.,Milk Ball,24.66
Net Soft Usa Inc.,Minty Drop,25.96
Net Soft Usa Inc.,Brandy Parody,10.77
Net Soft Usa Inc.,Tonic Tremor,39.37
Net Soft Usa Inc.,Warm Horn,41.08
Net Soft Usa Inc.,Red Six,31.6
Net Soft Usa Inc.,Savage Burst,34.37
Net Soft Usa Inc.,Cosmic Temper,12.98
Net Soft Usa Inc.,Brew Storm,11.09
Net Soft Usa Inc.,Hot Lady,22.07
Net Soft Usa Inc.,Lemon Thriller,23.79
Net Soft Usa Inc.,Salt 'n Pepper Buzzer,33.48
Net Soft Usa Inc.,Salt 'n Pepper Buzzer,33.2
Net Soft Usa Inc.,Cosmic Temper,12.62
Net Soft Usa Inc.,Frozen Thrill,18.33
Net Soft Usa Inc.,Brandy Parody,10.95
Net Soft Usa Inc.,Minty Drop,25.57
Net Soft Usa Inc.,Basil Mocha,10.1
Net Soft Usa Inc.,Grape Four,19.17
Wagers,Cosmic Temper,12.88
Wagers,Savage Burst,34.21
Wagers,Honest Thriller,21.35
Wagers,Cucumber Rumble,13.55
Wagers,Tropic Wonder,39.58
Wagers,Brew Storm,11.39
Wagers,Honest Thriller,21.3
Wagers,Salt 'n Pepper Fury,33.78
Wagers,Milk Ball,24.63
Wagers,Noxious Smooch,27.76
Wagers,Honest Thriller,21.44
Wagers,Precious Phantom,31.18
Wagers,Milk Ball,24.94
Wagers,Cucumber Rumble,13.85
Bs West,Southern Puff,36
Bs West,Wine Starlight,42.27
Bs West,Twisting Whisper,40.01
Bs West,Winged Sizzle,42.6
Bs West,Cherry Thunder,11.86
Bs West,Salt 'n Pepper Buzzer,33.26
Bs West,Fantasy Tea,16.81
Bs West,Wine Starlight,42.12
Bs West,Red Six,31.94
Bs West,Noxious Smooch,27.58
Bs West,Green Whistle,20.02
Bs West,Cucumber Rumble,13.52
Bs West,Savage Burst,34.41
Bs West,Green Whistle,20.37
Bs West,Brandy Parody,10.52
Bs West,Honest Enigma,20.98
R Bar,Ancient Delight,8.78
R Bar,Frozen Thrill,18.2
R Bar,Precious Phantom,31.26
R Bar,Basil Mocha,10.02
R Bar,Cherry Thunder,11.79
R Bar,Honest Thriller,21.16
R Bar,Warm Horn,41.21
R Bar,Cucumber Rumble,13.92
R Bar,Stale Joy,37.32
R Bar,Brandy Parody,10.78
R Bar,Salt 'n Pepper Buzzer,33.02
R Bar,Flower Wine,17.43
R Bar,Banana Stinger,9.52
R Bar,Summer Cooler,37.99
R Bar,Angelic Five,9.44
Vogue Nightclub,Tomato Rage,38.82
Vogue Nightclub,Noble Volley,27.44
Vogue Nightclub,Minty Drop,25.97
Vogue Nightclub,Southern Seven,36.75
Vogue Nightclub,Salt 'n Pepper Buzzer,33.28
Vogue Nightclub,Savage Burst,34.31
Vogue Nightclub,Angelic Five,9.2
Vogue Nightclub,Cherry Thunder,11.54
Vogue Nightclub,Stale Joy,37.46
Vogue Nightclub,Minty Drop,25.78
Vogue Nightclub,Tropic Wonder,39.89
Riverside Bar & Grill,Light Ale Kiss,24.11
Riverside Bar & Grill,Winged Sizzle,42.65
Riverside Bar & Grill,Mountain Duke,26.19
Riverside Bar & Grill,Southern Seven,36.51
Riverside Bar & Grill,Noxious Smooch,27.95
Riverside Bar & Grill,Evil Joy,16.34
Riverside Bar & Grill,Banana Stinger,9.9
Riverside Bar & Grill,Fresh Burst,17.79
Riverside Bar & Grill,Rude Score,32.19
Riverside Bar & Grill,Tropic Wonder,39.98
Riverside Bar & Grill,Southern Seven,36.97
Riverside Bar & Grill,Oregano Freedom,29.72
Riverside Bar & Grill,Tropic Wonder,39.86
Riverside Bar & Grill,Elemental Paradise,15.81
Riverside Bar & Grill,Mountain Duke,26.32
Riverside Bar & Grill,Cherry Thunder,11.82
Riverside Bar & Grill,Red Six,31.82
Riverside Bar & Grill,Noxious Smooch,27.56
Riverside Bar & Grill,Tonic Tremor,39.35
Riverside Bar & Grill,Brew Storm,11.35
Riverside Bar & Grill,Twisting Whisper,40.07
Riverside Bar & Grill,Ancient Delight,8.97
Riverside Bar & Grill,Evil Joy,16.2
Riverside Bar & Grill,Hot Lady,22.22
Chotard Recreation,Honest Enigma,20.73
Chotard Recreation,Tonic Tremor,39.39
Chotard Recreation,Noble Volley,27.36
Chotard Recreation,Mint Shot,25.33
Chotard Recreation,Wine Starlight,42
Chotard Recreation,Glowing Dark Beer,18.84
Chotard Recreation,Fresh Burst,17.85
Chotard Recreation,Minty Drop,25.79
Chotard Recreation,Twisting Whisper,40.03
Chotard Recreation,Cherry Thunder,11.74
Chotard Recreation,Thyme Volley,38.01
Chotard Recreation,Rude Score,32.1
Chotard Recreation,Smooth Barrage,35.07
Chotard Recreation,Fantasy Tea,16.73
Chotard Recreation,Dire Cappuchino,14.64
Chotard Recreation,Glowing Dark Beer,18.61
Chotard Recreation,Tomato Rage,38.94
Chotard Recreation,Wine Starlight,42.47
Chotard Recreation,Evil Joy,16.17
Chotard Recreation,Warm Horn,41.4
Princeton Inn,Fantasy Tea,16.84
Princeton Inn,Southern Puff,36.33
Princeton Inn,Noble Volley,27.09
Princeton Inn,Southern Seven,36.91
Princeton Inn,Salt 'n Pepper Buzzer,33.01
Princeton Inn,Universal Night,40.73
Princeton Inn,Ancient Delight,8.68
Princeton Inn,Summer Cooler,37.81
Princeton Inn,Grapefruit Score,19.86
Princeton Inn,Angelic Five,9.45
Princeton Inn,Elemental Paradise,15.61
Princeton Inn,Salt 'n Pepper Buzzer,33.18
Princeton Inn,Stale Joy,37.37
Charlie's Austin,Thyme Volley,38.43
Charlie's Austin,Potato Cider,30.17
Charlie's Austin,Wine Starlight,42.37
Charlie's Austin,Warm Horn,41.45
Charlie's Austin,Banana Stinger,9.93
Charlie's Austin,Potato Cider,30.27
Charlie's Austin,Fantasy Tea,16.89
Charlie's Austin,Savage Burst,34.28
Charlie's Austin,Wine Starlight,42.31
Charlie's Austin,Tonic Tremor,39.43
Charlie's Austin,Wine Starlight,42.18
Charlie's Austin,Oaken Squeeze,28.71
Charlie's Austin,Frozen Thrill,18.14
Charlie's Austin,Noble Volley,27.04
Charlie's Austin,Evil Joy,16.04
Charlie's Austin,Smooth Barrage,35.12
Charlie's Austin,Elemental Paradise,15.95
Charlie's Austin,Mint Shot,25.13
Charlie's Austin,Almond Lagoon,8.12
Charlie's Austin,Honest Enigma,20.75
Charlie's Austin,Wine Starlight,42.35
Clarke's At South Station,Mountain Duke,26.09
Clarke's At South Station,Mint Shot,25.21
Clarke's At South Station,Thyme Volley,38.07
Clarke's At South Station,Light Ale Kiss,24.05
Clarke's At South Station,Ancient Delight,8.8
Clarke's At South Station,Cognac Petal,12.32
Clarke's At South Station,Oregano Freedom,29.51
Clarke's At South Station,Thyme Volley,38.3
Clarke's At South Station,Potato Wink,30.86
Clarke's At South Station,Green Whistle,20.25
Clarke's At South Station,Mountain Duke,26.44
Clarke's At South Station,Light Ale Kiss,24.26
Clarke's At South Station,Tomato Rage,38.68
Clarke's At South Station,Cognac Petal,12.39
Clarke's At South Station,Elemental Paradise,15.76
Clarke's At South Station,Milk Ball,24.99
Clarke's At South Station,Orange Moonshine,29.27
Clarke's At South Station,Nasty Snake,26.84
Clarke's At South Station,Milk Ball,24.5
Clarke's At South Station,Cosmic Temper,12.9
Clarke's At South Station,Nasty Snake,26.91
Clarke's At South Station,Oaken Squeeze,28.79
Clarke's At South Station,Grape Four,19.39
15 North Cafe,Lavish Fury,22.86
15 North Cafe,Oregano Freedom,29.91
15 North Cafe,Savage Burst,34.39
15 North Cafe,Dire Cappuchino,14.51
15 North Cafe,Tomato Rage,38.59
15 North Cafe,Sake Rage,32.63
15 North Cafe,Cognac Petal,12.06
15 North Cafe,Fresh Burst,17.5
15 North Cafe,Southern Puff,36.19
15 North Cafe,Thyme Volley,38.27
15 North Cafe,Dire Cappuchino,14.94
15 North Cafe,Lavish Fury,22.92
15 North Cafe,Salt 'n Pepper Buzzer,33.05
15 North Cafe,Basil Mocha,10.05
15 North Cafe,Evil Joy,16.14
The Chukker,Demon Rage,14.06
The Chukker,Elemental Paradise,15.62
The Chukker,Elemental Paradise,15.73
The Chukker,Salt 'n Pepper Fury,33.97
The Chukker,Southern Puff,36.38
The Chukker,Red Six,31.64
The Chukker,Potato Wink,30.82
The Chukker,Eastern Dark Beer,15
The Chukker,Oaken Squeeze,28.77
The Chukker,Precious Phantom,31.16
The Chukker,Tropic Wonder,39.85
The Chukker,Wasabi Nectar,41.68
The Chukker,Universal Night,40.65
The Chukker,Cognac Petal,12.15
The Chukker,Crazy Rum,13.35
The Chukker,Basil Mocha,10.48
The Chukker,Tropic Wonder,39.55
The Chukker,Noxious Smooch,27.79
The Chukker,Milk Ball,24.67
The Chukker,Honest Enigma,20.69
The Chukker,Noble Volley,27.3
Village Inn,Cosmic Temper,12.78
Village Inn,Lemon Silence,23.43
Village Inn,Tropic Wonder,39.66
Village Inn,Mint Shot,25.1
Village Inn,Fresh Burst,17.53
Village Inn,Fantasy Tea,16.97
Village Inn,Green Whistle,20.41
Village Inn,Potato Wink,30.95
Village Inn,Wasabi Nectar,41.86
Village Inn,Hot Lady,22.3
Village Inn,Angelic Five,9.24
Village Inn,Cosmic Temper,12.85
Village Inn,Milk Ball,24.55
Village Inn,Thyme Volley,38.35
Bright Spot,Salt 'n Pepper Buzzer,33.47
Bright Spot,Smooth Barrage,35.42
Bright Spot,Cognac Petal,12.1
Bright Spot,Lemon Thriller,23.93
Bright Spot,Brew Storm,11.4
Bright Spot,Southern Puff,36.1
Bright Spot,Light Ale Kiss,24.47
Bright Spot,Grapefruit Score,19.66
Bright Spot,Stale Joy,37.47
Bright Spot,Orange Moonshine,29.21
Bright Spot,Dire Cappuchino,14.7
Bright Spot,Rude Score,32.26
Bright Spot,Potato Cider,30.43
Bright Spot,Southern Buzzer,35.68
Bright Spot,Southern Seven,36.95
Bright Spot,Cucumber Rumble,13.93
Bright Spot,Frozen Thrill,18.36
Bright Spot,Mountain Duke,26.41
Bright Spot,Warm Horn,41.41
Bright Spot,Smooth Barrage,35.39
Bright Spot,Honest Enigma,20.82
Bright Spot,Lavish Fury,22.56
Beechwood Inn,Savage Burst,34.43
Beechwood Inn,Precious Phantom,31.02
Beechwood Inn,Potato Wink,30.53
Beechwood Inn,Almond Lagoon,8.1
Beechwood Inn,Cognac Petal,12.01
Beechwood Inn,Brandy Parody,10.88
Beechwood Inn,Noxious Smooch,27.65
Beechwood Inn,Universal Night,40.59
Beechwood Inn,Winged Sizzle,42.88
Beechwood Inn,Precious Phantom,31.44
Beechwood Inn,Hot Lady,22.13
Beechwood Inn,Basil Mocha,10.21
Beechwood Inn,Almond Lagoon,8.08
Beechwood Inn,Crazy Rum,13.33
Beechwood Inn,Twisting Whisper,40.17
Beechwood Inn,Sake Rage,32.5
Beechwood Inn,Tomato Rage,38.7
Beechwood Inn,Honey Killer,21.5
Beechwood Inn,Noxious Smooch,27.63
Beechwood Inn,Minty Drop,25.51
Beechwood Inn,Elemental Paradise,15.56
Beechwood Inn,Dire Cappuchino,14.89
Beechwood Inn,Southern Seven,36.68
Beechwood Inn,Crazy Rum,13.01
Reflections Sports Bar,Potato Cider,30.44
Reflections Sports Bar,Honest Enigma,20.8
Reflections Sports Bar,Cherry Thunder,11.78
Reflections Sports Bar,Thyme Volley,38.45
Reflections Sports Bar,Wasabi Nectar,41.72
Reflections Sports Bar,Rude Score,32.14
Reflections Sports Bar,Evil Joy,16.33
Reflections Sports Bar,Cherry Thunder,11.72
Reflections Sports Bar,Honest Enigma,20.84
Reflections Sports Bar,Basil Mocha,10
Reflections Sports Bar,Universal Night,40.57
Reflections Sports Bar,Lemon Silence,23.49
Reflections Sports Bar,Dire Cappuchino,14.59
Reflections Sports Bar,Frozen Thrill,18.43
Reflections Sports Bar,Light Ale Kiss,24.46
Reflections Sports Bar,Banana Stinger,9.59
Reflections Sports Bar,Evil Joy,16.49
Reflections Sports Bar,Grape Four,19.14
Reflections Sports Bar,Potato Wink,30.59
Reflections Sports Bar,Southern Puff,36.16
Reflections Sports Bar,Ancient Delight,8.57
BURN'T CHIMNEY POLO CLUB,Southern Seven,36.87
BURN'T CHIMNEY POLO CLUB,Honest Enigma,20.87
BURN'T CHIMNEY POLO CLUB,Flower Wine,17.02
BURN'T CHIMNEY POLO CLUB,Crazy Rum,13.07
BURN'T CHIMNEY POLO CLUB,Dire Cappuchino,14.54
BURN'T CHIMNEY POLO CLUB,Southern Buzzer,35.98
BURN'T CHIMNEY POLO CLUB,Eastern Dark Beer,15.2
BURN'T CHIMNEY POLO CLUB,Tonic Tremor,39.17
BURN'T CHIMNEY POLO CLUB,Cherry Thunder,11.51
BURN'T CHIMNEY POLO CLUB,Brandy Parody,10.58
BURN'T CHIMNEY POLO CLUB,Salt 'n Pepper Buzzer,33.22
BURN'T CHIMNEY POLO CLUB,Fantasy Tea,16.7
BURN'T CHIMNEY POLO CLUB,Basil Mocha,10.43
BURN'T CHIMNEY POLO CLUB,Elemental Paradise,15.6
BURN'T CHIMNEY POLO CLUB,Red Six,31.77
BURN'T CHIMNEY POLO CLUB,Lemon Thriller,23.61
BURN'T CHIMNEY POLO CLUB,Cherry Thunder,11.98
BURN'T CHIMNEY POLO CLUB,Southern Buzzer,35.87
BURN'T CHIMNEY POLO CLUB,Green Whistle,20.22
BURN'T CHIMNEY POLO CLUB,Elemental Paradise,15.67
BURN'T CHIMNEY POLO CLUB,Grapefruit Score,19.61
BURN'T CHIMNEY POLO CLUB,Crazy Rum,13.21
BURN'T CHIMNEY POLO CLUB,Wasabi Nectar,41.63
BURN'T CHIMNEY POLO CLUB,Red Six,31.57
Cool Canary Tavern,Fresh Burst,17.69
Cool Canary Tavern,Lavish Fury,22.53
Cool Canary Tavern,Universal Night,40.89
Cool Canary Tavern,Potato Cider,30.23
Cool Canary Tavern,Honey Killer,21.56
Cool Canary Tavern,Brew Storm,11.01
Cool Canary Tavern,Cherry Thunder,11.83
Cool Canary Tavern,Ancient Delight,8.52
Cool Canary Tavern,Fresh Burst,17.61
Cool Canary Tavern,Honest Enigma,20.56
Cool Canary Tavern,Smooth Barrage,35.03
Cool Canary Tavern,Banana Stinger,9.64
Cool Canary Tavern,Southern Buzzer,35.6
Cool Canary Tavern,Tropic Wonder,39.91
Cool Canary Tavern,Grapefruit Score,19.77
Cool Canary Tavern,Eastern Dark Beer,15.08
Cool Canary Tavern,Dire Cappuchino,14.53
Cool Canary Tavern,Brew Storm,11.08
Cool Canary Tavern,Orange Moonshine,29
Cool Canary Tavern,Summer Cooler,37.8
Cool Canary Tavern,Southern Puff,36.22
Cool Canary Tavern,Dire Cappuchino,14.58
Cool Canary Tavern,Salt 'n Pepper Fury,33.5
Huge Shirt Pub,Noxious Smooch,27.72
Huge Shirt Pub,Green Whistle,20.23
Huge Shirt Pub,Green Whistle,20.48
Huge Shirt Pub,Noxious Smooch,27.71
Huge Shirt Pub,Crazy Rum,13.22
Huge Shirt Pub,Winged Sizzle,42.71
Huge Shirt Pub,Twisting Whisper,40.39
Huge Shirt Pub,Milk Ball,24.65
Huge Shirt Pub,Wasabi Nectar,41.8
Huge Shirt Pub,Elemental Paradise,15.51
Huge Shirt Pub,Oregano Freedom,29.93
Huge Shirt Pub,Potato Cider,30.34
Huge Shirt Pub,Potato Wink,30.65
Huge Shirt Pub,Lemon Silence,23.36
Huge Shirt Pub,Tomato Rage,38.69
Huge Shirt Pub,Universal Night,40.88
Huge Shirt Pub,Lavish Fury,22.55
Polite Turkey,Lemon Silence,23.39
Polite Turkey,Summer Cooler,37.52
Polite Turkey,Wasabi Nectar,41.75
Polite Turkey,Cosmic Temper,12.84
Polite Turkey,Salt 'n Pepper Fury,33.99
Polite Turkey,Scented Crystal,34.88
Polite Turkey,Wine Starlight,42.41
Polite Turkey,Grapefruit Score,19.81
Polite Turkey,Brew Storm,11.06
Polite Turkey,Brew Storm,11.11
Polite Turkey,Southern Buzzer,35.62
Polite Turkey,Minty Drop,25.98
Polite Turkey,Precious Phantom,31.38
Polite Turkey,Tomato Rage,38.5
Polite Turkey,Hot Lady,22.23
Polite Turkey,Angelic Five,9.38
Polite Turkey,Smooth Barrage,35.32
Polite Turkey,Warm Horn,41.04
Polite Turkey,Elemental Paradise,15.97
Polite Beavers Pub,Flower Wine,17.01
Polite Beavers Pub,Fantasy Tea,16.87
Polite Beavers Pub,Precious Phantom,31.49
Polite Beavers Pub,Ancient Delight,8.84
Polite Beavers Pub,Green Whistle,20.34
Polite Beavers Pub,Milk Ball,24.9
Polite Beavers Pub,Banana Stinger,9.92
Polite Beavers Pub,Brandy Parody,10.7
Polite Beavers Pub,Lemon Silence,23.27
Polite Beavers Pub,Nasty Snake,26.57
Polite Beavers Pub,Honey Killer,21.86
Polite Beavers Pub,Oregano Freedom,29.5
Polite Beavers Pub,Eastern Dark Beer,15.32
Polite Beavers Pub,Lemon Thriller,23.83
Polite Beavers Pub,Glowing Dark Beer,18.53
Polite Beavers Pub,Twisting Whisper,40.05
Polite Beavers Pub,Tonic Tremor,39.01
Polite Beavers Pub,Numb Talon,28.05
Polite Beavers Pub,Salt 'n Pepper Buzzer,33.13
Polite Beavers Pub,Green Whistle,20.44
Polite Beavers Pub,Nasty Snake,26.68
Polite Beavers Pub,Savage Burst,34.17
Polite Beavers Pub,Crazy Rum,13
Fabulous Pirate Bar,Eastern Dark Beer,15.16
Fabulous Pirate Bar,Cucumber Rumble,13.68
Fabulous Pirate Bar,Tonic Tremor,39.05
Fabulous Pirate Bar,Rude Score,32.04
Fabulous Pirate Bar,Salt 'n Pepper Buzzer,33.38
Fabulous Pirate Bar,Cognac Petal,12.28
Fabulous Pirate Bar,Flower Wine,17.39
Fabulous Pirate Bar,Green Whistle,20.14
Fabulous Pirate Bar,Scented Crystal,34.6
Fabulous Pirate Bar,Tropic Wonder,39.97
Fabulous Pirate Bar,Milk Ball,24.93
Fabulous Pirate Bar,Potato Wink,30.96
Fabulous Pirate Bar,Tropic Wonder,39.81
Fabulous Pirate Bar,Fresh Burst,17.87
Fabulous Pirate Bar,Minty Drop,25.69
Fabulous Pirate Bar,Smooth Barrage,35.25
Fabulous Pirate Bar,Wine Starlight,42.28
Spectacular Angels Bar,Tropic Wonder,39.62
Spectacular Angels Bar,Grapefruit Score,19.53
Spectacular Angels Bar,Sake Rage,32.6
Spectacular Angels Bar,Grapefruit Score,19.75
Spectacular Angels Bar,Savage Burst,34.32
Spectacular Angels Bar,Milk Ball,24.97
Spectacular Angels Bar,Southern Buzzer,35.64
Spectacular Angels Bar,Southern Seven,36.79
Spectacular Angels Bar,Oregano Freedom,29.99
Spectacular Angels Bar,Frozen Thrill,18.11
Spectacular Angels Bar,Wine Starlight,42.07
Spectacular Angels Bar,Nasty Snake,26.76
Lean Grotto,Thyme Volley,38.46
Lean Grotto,Brew Storm,11.05
Lean Grotto,Hot Lady,22.17
Lean Grotto,Cognac Petal,12.49
Lean Grotto,Flower Wine,17.37
Lean Grotto,Warm Horn,41.11
Lean Grotto,Tomato Rage,38.55
Lean Grotto,Hot Lady,22.39
Lean Grotto,Glowing Dark Beer,18.74
Lean Grotto,Brandy Parody,10.84
Lean Grotto,Twisting Whisper,40.24
Lean Grotto,Noble Volley,27.49
Lean Grotto,Crazy Rum,13.15
Lean Grotto,Wasabi Nectar,41.87
Lean Grotto,Wine Starlight,42.26
Quiet Pistachio Inn,Cucumber Rumble,13.57
Quiet Pistachio Inn,Crazy Rum,13.24
Quiet Pistachio Inn,Potato Wink,30.54
Quiet Pistachio Inn,Wine Starlight,42.2
Quiet Pistachio Inn,Potato Wink,30.72
Quiet Pistachio Inn,Hot Lady,22
Quiet Pistachio Inn,Crazy Rum,13.49
Quiet Pistachio Inn,Elemental Paradise,15.57
Quiet Pistachio Inn,Ancient Delight,8.89
Quiet Pistachio Inn,Crazy Rum,13.16
Rotten Rats,Wasabi Nectar,41.5
Rotten Rats,Grape Four,19.38
Rotten Rats,Crazy Rum,13.47
Rotten Rats,Precious Phantom,31.31
Rotten Rats,Brandy Parody,10.87
Rotten Rats,Cherry Thunder,11.52
Rotten Rats,Scented Crystal,34.94
Rotten Rats,Orange Moonshine,29.11
Rotten Rats,Orange Moonshine,29.49
Rotten Rats,Universal Night,40.69
Rotten Rats,Basil Mocha,10.13
Rotten Rats,Lemon Thriller,23.76
Rotten Rats,Elemental Paradise,15.83
Rotten Rats,Wine Starlight,42.01
Rotten Rats,Lavish Fury,22.67
Rotten Rats,Orange Moonshine,29.26
Rotten Rats,Brew Storm,11
Rotten Rats,Orange Moonshine,29.31
Rotten Rats,Tropic Wonder,39.56
Rotten Rats,Noxious Smooch,27.73
Rotten Rats,Brew Storm,11.15
Rotten Rats,Cosmic Temper,12.68
Wretched Duck,Honey Killer,21.54
Wretched Duck,Glowing Dark Beer,18.85
Wretched Duck,Hot Lady,22.35
Wretched Duck,Evil Joy,16.24
Wretched Duck,Basil Mocha,10.03
Wretched Duck,Noxious Smooch,27.53
Wretched Duck,Fantasy Tea,16.91
Wretched Duck,Dire Cappuchino,14.96
Wretched Duck,Noble Volley,27.42
Wretched Duck,Almond Lagoon,8.09
Wretched Duck,Summer Cooler,37.78
Wretched Duck,Angelic Five,9.34
Wretched Duck,Oregano Freedom,29.8
Wretched Duck,Minty Drop,25.64
Wretched Duck,Nasty Snake,26.8
Wretched Duck,Oaken Squeeze,28.89
Wretched Duck,Ancient Delight,8.75
Wretched Duck,Oregano Freedom,29.81
Wretched Duck,Cosmic Temper,12.95
Empty Fish Pub,Evil Joy,16.27
Empty Fish Pub,Almond Lagoon,8
Empty Fish Pub,Brandy Parody,10.99
Empty Fish Pub,Lavish Fury,22.69
Empty Fish Pub,Summer Cooler,37.92
Empty Fish Pub,Angelic Five,9.12
Empty Fish Pub,Minty Drop,25.87
Empty Fish Pub,Southern Seven,36.73
Empty Fish Pub,Cherry Thunder,11.67
Empty Fish Pub,Nasty Snake,26.7
Empty Fish Pub,Grape Four,19.34
Empty Fish Pub,Warm Horn,41.2
Empty Fish Pub,Sake Rage,32.74
Empty Fish Pub,Honest Thriller,21.02
Empty Fish Pub,Smooth Barrage,35.49
Empty Fish Pub,Tonic Tremor,39.26
Empty Fish Pub,Brew Storm,11.26
Empty Fish Pub,Potato Cider,30.31
Empty Fish Pub,Almond Lagoon,8.49
Oriental Antelope Tavern,Lemon Thriller,23.53
Oriental Antelope Tavern,Rude Score,32.17
Oriental Antelope Tavern,Light Ale Kiss,24.17
Oriental Antelope Tavern,Fresh Burst,17.57
Oriental Antelope Tavern,Scented Crystal,34.83
Oriental Antelope Tavern,Crazy Rum,13.1
Oriental Antelope Tavern,Fantasy Tea,16.61
Oriental Antelope Tavern,Angelic Five,9.42
Oriental Antelope Tavern,Evil Joy,16.35
Oriental Antelope Tavern,Winged Sizzle,42.86
Oriental Antelope Tavern,Scented Crystal,34.75
Oriental Antelope Tavern,Grape Four,19.15
Oriental Antelope Tavern,Fresh Burst,17.59
Oriental Antelope Tavern,Nasty Snake,26.55
Oriental Antelope Tavern,Salt 'n Pepper Buzzer,33.08
Oriental Antelope Tavern,Hot Lady,22.16
Oriental Antelope Tavern,Tropic Wonder,39.79
Oriental Antelope Tavern,Noble Volley,27.34
Oriental Antelope Tavern,Brew Storm,11.18
Oriental Antelope Tavern,Tomato Rage,38.86
Poor Blossom,Elemental Paradise,15.65
Poor Blossom,Potato Wink,30.85
Poor Blossom,Fresh Burst,17.92
Poor Blossom,Dire Cappuchino,14.55
Poor Blossom,Lavish Fury,22.59
Poor Blossom,Salt 'n Pepper Buzzer,33.39
Poor Blossom,Cherry Thunder,11.88
Poor Blossom,Flower Wine,17.42
Poor Blossom,Noxious Smooch,27.82
Poor Blossom,Red Six,31.65
Poor Blossom,Honest Thriller,21.24
Poor Blossom,Frozen Thrill,18.3
Poor Blossom,Tomato Rage,38.52
Poor Blossom,Orange Moonshine,29.48
Poor Blossom,Sake Rage,32.51
Poor Blossom,Numb Talon,28.4
Poor Blossom,Smooth Barrage,35.41
Poor Blossom,Almond Lagoon,8.26
Poor Blossom,Milk Ball,24.59
Murky Reindeer Pub,Green Whistle,20.13
Murky Reindeer Pub,Oaken Squeeze,28.95
Murky Reindeer Pub,Oregano Freedom,29.66
Murky Reindeer Pub,Precious Phantom,31.24
Murky Reindeer Pub,Cucumber Rumble,13.76
Murky Reindeer Pub,Southern Seven,36.57
Murky Reindeer Pub,Precious Phantom,31.21
Murky Reindeer Pub,Fantasy Tea,16.86
Murky Reindeer Pub,Green Whistle,20.29
Murky Reindeer Pub,Milk Ball,24.51
Murky Reindeer Pub,Crazy Rum,13.08
Murky Reindeer Pub,Nasty Snake,26.71
Murky Reindeer Pub,Honest Thriller,21.1
Murky Reindeer Pub,Southern Seven,36.64
Murky Reindeer Pub,Potato Wink,30.74
Murky Reindeer Pub,Milk Ball,24.85
Murky Reindeer Pub,Honest Thriller,21.22
Murky Reindeer Pub,Potato Cider,30.1
Murky Reindeer Pub,Light Ale Kiss,24.23
Murky Reindeer Pub,Precious Phantom,31.35
Murky Reindeer Pub,Honey Killer,21.85
Murky Reindeer Pub,Elemental Paradise,15.86
Murky Reindeer Pub,Honest Enigma,20.94
Triangular Mouse Pub,Lavish Fury,22.7
Triangular Mouse Pub,Mountain Duke,26.03
Triangular Mouse Pub,Brew Storm,11.19
Triangular Mouse Pub,Noble Volley,27.33
Triangular Mouse Pub,Almond Lagoon,8.19
Triangular Mouse Pub,Evil Joy,16.1
Triangular Mouse Pub,Noble Volley,27.45
Triangular Mouse Pub,Angelic Five,9.27
Triangular Mouse Pub,Minty Drop,25.92
Triangular Mouse Pub,Twisting Whisper,40.44
Triangular Mouse Pub,Elemental Paradise,15.71
Triangular Mouse Pub,Cognac Petal,12.43
Triangular Mouse Pub,Frozen Thrill,18.48
Triangular Mouse Pub,Frozen Thrill,18.27
Triangular Mouse Pub,Brew Storm,11.12
Triangular Mouse Pub,Lavish Fury,22.8
Triangular Mouse Pub,Flower Wine,17.38
Triangular Mouse Pub,Lemon Silence,23.29
Triangular Mouse Pub,Wasabi Nectar,41.79
Triangular Mouse Pub,Dire Cappuchino,14.8
Blushing Onion,Grape Four,19.36
Blushing Onion,Southern Seven,36.84
Blushing Onion,Scented Crystal,34.82
Blushing Onion,Grapefruit Score,19.82
Blushing Onion,Savage Burst,34.26
Blushing Onion,Grape Four,19.05
Blushing Onion,Cucumber Rumble,13.73
Blushing Onion,Almond Lagoon,8.41
Blushing Onion,Ancient Delight,8.58
Blushing Onion,Numb Talon,28.41
Blushing Onion,Glowing Dark Beer,18.68
Natural Hyena,Grapefruit Score,19.88
Natural Hyena,Eastern Dark Beer,15.24
Natural Hyena,Numb Talon,28.07
Natural Hyena,Orange Moonshine,29.02
Natural Hyena,Potato Wink,30.81
Natural Hyena,Basil Mocha,10.34
Natural Hyena,Cucumber Rumble,13.56
Natural Hyena,Crazy Rum,13.06
Natural Hyena,Tonic Tremor,39.28
Natural Hyena,Tropic Wonder,39.88
Natural Hyena,Grape Four,19.27
Natural Hyena,Almond Lagoon,8.2
Natural Hyena,Winged Sizzle,42.92
Natural Hyena,Mountain Duke,26.04
Natural Hyena,Lemon Thriller,23.9
Violet Anemone Pub,Sake Rage,32.78
Violet Anemone Pub,Precious Phantom,31
Violet Anemone Pub,Crazy Rum,13.23
Violet Anemone Pub,Tomato Rage,38.99
Violet Anemone Pub,Universal Night,40.8
Violet Anemone Pub,Cucumber Rumble,13.71
Violet Anemone Pub,Almond Lagoon,8.47
Violet Anemone Pub,Fantasy Tea,16.75
Violet Anemone Pub,Scented Crystal,34.67
Violet Anemone Pub,Wasabi Nectar,41.58
Violet Anemone Pub,Cucumber Rumble,13.82
Violet Anemone Pub,Sake Rage,32.79
Fantastic Trout Tavern,Brandy Parody,10.73
Fantastic Trout Tavern,Grape Four,19.04
Fantastic Trout Tavern,Milk Ball,24.58
Fantastic Trout Tavern,Cucumber Rumble,13.98
Fantastic Trout Tavern,Fresh Burst,17.6
Fantastic Trout Tavern,Potato Wink,30.69
Fantastic Trout Tavern,Minty Drop,25.68
Fantastic Trout Tavern,Angelic Five,9.35
Fantastic Trout Tavern,Glowing Dark Beer,18.55
Fantastic Trout Tavern,Cosmic Temper,12.82
Fantastic Trout Tavern,Universal Night,40.7
Fantastic Trout Tavern,Mountain Duke,26.47
Fantastic Trout Tavern,Warm Horn,41.28
Fantastic Trout Tavern,Mint Shot,25.47
Fantastic Trout Tavern,Winged Sizzle,42.67
Fantastic Trout Tavern,Eastern Dark Beer,15.22
Fantastic Trout Tavern,Noble Volley,27.06
Fantastic Trout Tavern,Numb Talon,28.29
Fantastic Trout Tavern,Stale Joy,37.14
Fantastic Trout Tavern,Cherry Thunder,11.71
Tiny Stew Pub,Salt 'n Pepper Fury,33.77
Tiny Stew Pub,Southern Puff,36.13
Tiny Stew Pub,Warm Horn,41.09
Tiny Stew Pub,Winged Sizzle,42.79
Tiny Stew Pub,Winged Sizzle,42.9
Tiny Stew Pub,Mint Shot,25.49
Tiny Stew Pub,Mountain Duke,26.26
Tiny Stew Pub,Wine Starlight,42.13
Tiny Stew Pub,Rude Score,32.11
Tiny Stew Pub,Tropic Wonder,39.72
Tiny Stew Pub,Noble Volley,27.27
Tiny Stew Pub,Cognac Petal,12.16
Tiny Stew Pub,Honey Killer,21.98
Tiny Stew Pub,Cherry Thunder,11.96
Tiny Stew Pub,Red Six,31.52
Tiny Stew Pub,Grape Four,19.46
Tiny Stew Pub,Milk Ball,24.68
Tiny Stew Pub,Orange Moonshine,29.28
